ID,nDissSteps,pKa,pKa_1,pKa_2,pKaType,pKaType_1,pKaType_2,ChargeA,ChargeA_1,ChargeA_2,ChargeA_3,ChargeB,ChargeB_1,ChargeB_2,ChargeB_3
1,3,2.53,3.61,16,1,-1,0,0,0,-1,-1,1,0,0,0
2,3,2.11,4.94,16,1,-1,0,0,0,-1,-1,1,0,0,0
3,3,0.52,15,16,1,0,0,0,0,0,0,1,0,0,0
4,3,14,15,16,0,0,0,0,0,0,0,0,0,0,0
5,3,14,15,16,0,0,0,0,0,0,0,0,0,0,0
6,3,0.78,15,16,1,0,0,0,0,0,0,1,0,0,0
7,3,14,15,16,0,0,0,0,0,0,0,1,1,1,1
8,3,14,15,16,0,0,0,0,0,0,0,0,0,0,0
9,3,14,15,16,0,0,0,0,0,0,0,0,0,0,0
10,3,14,15,16,0,0,0,0,0,0,0,0,0,0,0
11,3,14,15,16,0,0,0,0,0,0,0,0,0,0,0
12,3,14,15,16,0,0,0,0,0,0,0,0,0,0,0
13,3,14,15,16,0,0,0,0,0,0,0,0,0,0,0
14,3,14,15,16,0,0,0,0,0,0,0,0,0,0,0
15,3,0.23,15,16,1,0,0,0,0,0,0,2,1,1,1
16,3,14,15,16,0,0,0,0,0,0,0,0,0,0,0
17,3,4.65,15,16,-1,0,0,0,-1,-1,-1,0,0,0,0
18,3,14,15,16,0,0,0,0,0,0,0,0,0,0,0
19,3,4.3,15,16,-1,0,0,0,-1,-1,-1,0,0,0,0
20,3,14,15,16,0,0,0,0,0,0,0,0,0,0,0
21,3,4.78,15,16,-1,0,0,0,-1,-1,-1,0,0,0,0
22,3,3.26,15,16,-1,0,0,0,-1,-1,-1,0,0,0,0
23,3,3.3,15,16,-1,0,0,0,-1,-1,-1,0,0,0,0
24,3,3.32,15,16,-1,0,0,0,-1,-1,-1,0,0,0,0
25,3,1.67,15,16,-1,0,0,0,-1,-1,-1,0,0,0,0
26,3,1.87,15,16,-1,0,0,0,-1,-1,-1,0,0,0,0
27,3,1.87,15,16,-1,0,0,0,-1,-1,-1,0,0,0,0
28,3,3.12,15,16,-1,0,0,0,-1,-1,-1,0,0,0,0
29,3,2.76,4.7,16,-1,-1,0,0,-1,-2,-2,0,0,0,0
30,3,3.13,15,16,-1,0,0,0,-1,-1,-1,0,0,0,0
31,3,0.4,15,16,1,0,0,0,0,0,0,1,0,0,0
32,3,0.87,15,16,1,0,0,0,0,0,0,1,0,0,0
33,3,2.38,15,16,-1,0,0,0,-1,-1,-1,1,1,1,1
34,3,14,15,16,0,0,0,0,0,0,0,0,0,0,0
35,3,14,15,16,0,0,0,0,0,0,0,0,0,0,0
36,3,14,15,16,0,0,0,0,0,0,0,0,0,0,0
37,3,14,15,16,0,0,0,0,0,0,0,0,0,0,0
38,3,4.94,15,16,1,0,0,0,0,0,0,1,0,0,0
39,3,14,15,16,0,0,0,0,0,0,0,0,0,0,0
40,3,14,15,16,0,0,0,0,0,0,0,0,0,0,0
41,3,14,15,16,0,0,0,0,0,0,0,0,0,0,0
42,3,3.49,15,16,1,0,0,0,0,0,0,1,0,0,0
43,3,14,15,16,0,0,0,0,0,0,0,0,0,0,0
44,3,14,15,16,0,0,0,0,0,0,0,0,0,0,0
45,3,14,15,16,0,0,0,0,0,0,0,0,0,0,0
46,3,1.17,15,16,1,0,0,0,0,0,0,1,0,0,0
47,3,1.26,15,16,1,0,0,0,0,0,0,1,0,0,0
48,3,2.61,15,16,-1,0,0,0,-1,-1,-1,0,0,0,0
49,3,3.9,15,16,-1,0,0,0,-1,-1,-1,0,0,0,0
50,3,14,15,16,0,0,0,0,0,0,0,0,0,0,0
51,3,14,15,16,0,0,0,0,0,0,0,0,0,0,0
52,3,3.9,15,16,-1,0,0,0,-1,-1,-1,0,0,0,0
53,3,4.4,15,16,-1,0,0,0,-1,-1,-1,0,0,0,0
54,3,14,15,16,0,0,0,0,0,0,0,0,0,0,0
55,3,4.54,15,16,-1,0,0,0,-1,-1,-1,0,0,0,0
56,3,4.22,15,16,-1,0,0,0,-1,-1,-1,0,0,0,0
57,3,3.35,15,16,1,0,0,0,0,0,0,1,0,0,0
58,3,4.49,15,16,-1,0,0,0,-1,-1,-1,0,0,0,0
59,3,3.15,15,16,-1,0,0,0,-1,-1,-1,1,1,1,1
60,3,3.68,15,16,-1,0,0,0,-1,-1,-1,0,0,0,0
61,3,3.49,15,16,-1,0,0,0,-1,-1,-1,0,0,0,0
62,3,3.26,15,16,-1,0,0,0,-1,-1,-1,0,0,0,0
63,3,3.5,15,16,-1,0,0,0,-1,-1,-1,0,0,0,0
64,3,3.64,15,16,-1,0,0,0,-1,-1,-1,0,0,0,0
65,3,3.14,15,16,-1,0,0,0,-1,-1,-1,0,0,0,0
66,3,3.69,15,16,-1,0,0,0,-1,-1,-1,0,0,0,0
67,3,3.63,15,16,-1,0,0,0,-1,-1,-1,0,0,0,0
68,3,14,15,16,0,0,0,0,0,0,0,0,0,0,0
69,3,4.16,15,16,-1,0,0,0,-1,-1,-1,0,0,0,0
70,3,4.77,15,16,-1,0,0,0,-1,-1,-1,0,0,0,0
71,3,14,15,16,0,0,0,0,0,0,0,0,0,0,0
72,3,4.16,15,16,-1,0,0,0,-1,-1,-1,0,0,0,0
73,3,4.16,15,16,-1,0,0,0,-1,-1,-1,0,0,0,0
74,3,4.25,15,16,-1,0,0,0,-1,-1,-1,0,0,0,0
75,3,4.07,15,16,-1,0,0,0,-1,-1,-1,0,0,0,0
76,3,4.25,15,16,-1,0,0,0,-1,-1,-1,0,0,0,0
77,3,4.37,15,16,-1,0,0,0,-1,-1,-1,0,0,0,0
78,3,4.37,15,16,-1,0,0,0,-1,-1,-1,0,0,0,0
79,3,4.24,15,16,-1,0,0,0,-1,-1,-1,0,0,0,0
80,3,4.2,15,16,-1,0,0,0,-1,-1,-1,0,0,0,0
81,3,4.34,15,16,-1,0,0,0,-1,-1,-1,0,0,0,0
82,3,4.87,15,16,-1,0,0,0,-1,-1,-1,0,0,0,0
83,3,14,15,16,0,0,0,0,0,0,0,0,0,0,0
84,3,4.45,15,16,-1,0,0,0,-1,-1,-1,0,0,0,0
85,3,3.9,15,16,-1,0,0,0,-1,-1,-1,0,0,0,0
86,3,4.33,15,16,-1,0,0,0,-1,-1,-1,0,0,0,0
87,3,4.34,15,16,-1,0,0,0,-1,-1,-1,0,0,0,0
88,3,2.2,4.8,16,-1,1,0,0,-1,-1,-1,1,1,0,0
89,3,14,15,16,0,0,0,0,0,0,0,0,0,0,0
90,3,4.45,15,16,-1,0,0,0,-1,-1,-1,0,0,0,0
91,3,3.15,5.34,16,-1,-1,0,0,-1,-2,-2,0,0,0,0
92,3,14,15,16,0,0,0,0,0,0,0,0,0,0,0
93,3,14,15,16,0,0,0,0,0,0,0,0,0,0,0
94,3,2.93,4.23,5.09,-1,-1,-1,0,-1,-2,-3,0,0,0,0
95,3,2.37,15,16,-1,0,0,0,-1,-1,-1,1,1,1,1
96,3,14,15,16,0,0,0,0,0,0,0,0,0,0,0
97,3,14,15,16,0,0,0,0,0,0,0,0,0,0,0
98,3,14,15,16,0,0,0,0,0,0,0,0,0,0,0
99,3,14,15,16,0,0,0,0,0,0,0,0,0,0,0
100,3,3.34,15,16,-1,0,0,0,-1,-1,-1,0,0,0,0
101,3,14,15,16,0,0,0,0,0,0,0,0,0,0,0
102,3,14,15,16,0,0,0,0,0,0,0,0,0,0,0
103,3,14,15,16,0,0,0,0,0,0,0,0,0,0,0
104,3,14,15,16,0,0,0,0,0,0,0,0,0,0,0
105,3,14,15,16,0,0,0,0,0,0,0,0,0,0,0
106,3,14,15,16,0,0,0,0,0,0,0,0,0,0,0
107,3,14,15,16,0,0,0,0,0,0,0,0,0,0,0
108,3,14,15,16,0,0,0,0,0,0,0,0,0,0,0
109,3,14,15,16,0,0,0,0,0,0,0,0,0,0,0
110,3,14,15,16,0,0,0,0,0,0,0,0,0,0,0
111,3,14,15,16,0,0,0,0,0,0,0,0,0,0,0
112,3,14,15,16,0,0,0,0,0,0,0,0,0,0,0
113,3,14,15,16,0,0,0,0,0,0,0,0,0,0,0
114,3,14,15,16,0,0,0,0,0,0,0,0,0,0,0
115,3,14,15,16,0,0,0,0,0,0,0,0,0,0,0
116,3,14,15,16,0,0,0,0,0,0,0,0,0,0,0
117,3,4.04,15,16,1,0,0,0,0,0,0,1,0,0,0
118,3,14,15,16,0,0,0,0,0,0,0,0,0,0,0
119,3,1.89,15,16,1,0,0,0,0,0,0,1,0,0,0
120,3,14,15,16,0,0,0,0,0,0,0,0,0,0,0
121,3,3.73,15,16,1,0,0,0,0,0,0,1,0,0,0
122,3,14,15,16,0,0,0,0,0,0,0,0,0,0,0
123,3,14,15,16,0,0,0,0,0,0,0,0,0,0,0
124,3,14,15,16,0,0,0,0,0,0,0,0,0,0,0
125,3,14,15,16,0,0,0,0,0,0,0,0,0,0,0
126,3,14,15,16,0,0,0,0,0,0,0,0,0,0,0
127,3,14,15,16,0,0,0,0,0,0,0,0,0,0,0
128,3,14,15,16,0,0,0,0,0,0,0,0,0,0,0
129,3,2.94,15,16,1,0,0,0,0,0,0,1,0,0,0
130,3,14,15,16,0,0,0,0,0,0,0,0,0,0,0
131,3,14,15,16,0,0,0,0,0,0,0,0,0,0,0
132,3,3.02,15,16,1,0,0,0,0,0,0,1,0,0,0
133,3,14,15,16,0,0,0,0,0,0,0,0,0,0,0
134,3,1.92,15,16,1,0,0,0,0,0,0,1,0,0,0
135,3,2.89,15,16,1,0,0,0,0,0,0,1,0,0,0
136,3,0.63,15,16,1,0,0,0,0,0,0,1,0,0,0
137,3,1.57,15,16,1,0,0,0,0,0,0,1,0,0,0
138,3,14,15,16,0,0,0,0,0,0,0,0,0,0,0
139,3,14,15,16,0,0,0,0,0,0,0,0,0,0,0
140,3,-0.0943,15,16,1,0,0,0,0,0,0,1,0,0,0
141,3,0.31,15,16,1,0,0,0,0,0,0,1,0,0,0
142,3,14,15,16,0,0,0,0,0,0,0,0,0,0,0
143,3,14,15,16,0,0,0,0,0,0,0,0,0,0,0
144,3,14,15,16,0,0,0,0,0,0,0,0,0,0,0
145,3,14,15,16,0,0,0,0,0,0,0,0,0,0,0
146,3,14,15,16,0,0,0,0,0,0,0,0,0,0,0
147,3,14,15,16,0,0,0,0,0,0,0,0,0,0,0
148,3,2.3,15,16,1,0,0,0,0,0,0,1,0,0,0
149,3,4.84,15,16,1,0,0,0,0,0,0,1,0,0,0
150,3,14,15,16,0,0,0,0,0,0,0,0,0,0,0
151,3,14,15,16,0,0,0,0,0,0,0,0,0,0,0
152,3,14,15,16,0,0,0,0,0,0,0,1,1,1,1
153,3,3.66,15,16,-1,0,0,0,-1,-1,-1,0,0,0,0
154,3,0.94,15,16,1,0,0,0,0,0,0,1,0,0,0
155,3,1.52,15,16,1,0,0,0,0,0,0,1,0,0,0
156,3,14,15,16,0,0,0,0,0,0,0,0,0,0,0
157,3,2.75,15,16,1,0,0,0,0,0,0,1,0,0,0
158,3,3.35,15,16,1,0,0,0,0,0,0,1,0,0,0
159,3,14,15,16,0,0,0,0,0,0,0,0,0,0,0
160,3,14,15,16,0,0,0,0,0,0,0,0,0,0,0
161,3,14,15,16,0,0,0,0,0,0,0,0,0,0,0
162,3,1.21,15,16,1,0,0,0,0,0,0,1,0,0,0
163,3,14,15,16,0,0,0,0,0,0,0,0,0,0,0
164,3,2.19,15,16,1,0,0,0,0,0,0,1,0,0,0
165,3,2.75,15,16,1,0,0,0,0,0,0,1,0,0,0
166,3,14,15,16,0,0,0,0,0,0,0,0,0,0,0
167,3,14,15,16,0,0,0,0,0,0,0,0,0,0,0
168,3,1.67,15,16,1,0,0,0,0,0,0,1,0,0,0
169,3,2.34,15,16,1,0,0,0,0,0,0,1,0,0,0
170,3,0.91,15,16,1,0,0,0,0,0,0,1,0,0,0
171,3,2.91,15,16,1,0,0,0,0,0,0,1,0,0,0
172,3,2.7,15,16,1,0,0,0,0,0,0,1,0,0,0
173,3,14,15,16,0,0,0,0,0,0,0,1,1,1,1
174,3,3.06,15,16,1,0,0,0,0,0,0,1,0,0,0
175,3,3.06,15,16,1,0,0,0,0,0,0,1,0,0,0
176,3,2.94,15,16,1,0,0,0,0,0,0,1,0,0,0
177,3,3.27,15,16,1,0,0,0,0,0,0,1,0,0,0
178,3,2.68,15,16,1,0,0,0,0,0,0,1,0,0,0
179,3,2.4,15,16,1,0,0,0,0,0,0,1,0,0,0
180,3,2.98,15,16,1,0,0,0,0,0,0,1,0,0,0
181,3,2.4,15,16,1,0,0,0,0,0,0,1,0,0,0
182,3,14,15,16,0,0,0,0,0,0,0,0,0,0,0
183,3,2.31,15,16,1,0,0,0,0,0,0,1,0,0,0
184,3,3.66,15,16,-1,0,0,0,-1,-1,-1,0,0,0,0
185,3,2.94,15,16,1,0,0,0,0,0,0,1,0,0,0
186,3,-0.00316,15,16,1,0,0,0,0,0,0,1,0,0,0
187,3,3.88,15,16,-1,0,0,0,-1,-1,-1,0,0,0,0
188,3,14,15,16,0,0,0,0,0,0,0,0,0,0,0
189,3,14,15,16,0,0,0,0,0,0,0,0,0,0,0
190,3,14,15,16,0,0,0,0,0,0,0,0,0,0,0
191,3,14,15,16,0,0,0,0,0,0,0,0,0,0,0
192,3,2.97,15,16,1,0,0,0,0,0,0,1,0,0,0
193,3,1.41,15,16,1,0,0,0,0,0,0,1,0,0,0
194,3,0.48,1.54,16,1,1,0,0,0,0,0,2,1,0,0
195,3,14,15,16,0,0,0,0,0,0,0,0,0,0,0
196,3,1.45,15,16,1,0,0,0,0,0,0,1,0,0,0
197,3,14,15,16,0,0,0,0,0,0,0,0,0,0,0
198,3,14,15,16,0,0,0,0,0,0,0,0,0,0,0
199,3,14,15,16,0,0,0,0,0,0,0,0,0,0,0
200,3,2.57,15,16,1,0,0,0,0,0,0,1,0,0,0
201,3,2.8,15,16,1,0,0,0,0,0,0,1,0,0,0
202,3,14,15,16,0,0,0,0,0,0,0,0,0,0,0
203,3,14,15,16,0,0,0,0,0,0,0,0,0,0,0
204,3,14,15,16,0,0,0,0,0,0,0,0,0,0,0
205,3,0.6,15,16,1,0,0,0,0,0,0,1,0,0,0
206,3,4.9,15,16,1,0,0,0,0,0,0,1,0,0,0
207,3,3.74,15,16,1,0,0,0,0,0,0,1,0,0,0
208,3,14,15,16,0,0,0,0,0,0,0,0,0,0,0
209,3,14,15,16,0,0,0,0,0,0,0,0,0,0,0
210,3,0.94,15,16,1,0,0,0,0,0,0,1,0,0,0
211,3,0.23,15,16,1,0,0,0,0,0,0,1,0,0,0
212,3,14,15,16,0,0,0,0,0,0,0,0,0,0,0
213,3,3.63,15,16,-1,0,0,0,-1,-1,-1,0,0,0,0
214,3,14,15,16,0,0,0,0,0,0,0,0,0,0,0
215,3,1.41,15,16,1,0,0,0,0,0,0,1,0,0,0
216,3,-0.15,15,16,1,0,0,0,0,0,0,1,0,0,0
217,3,3.21,15,16,1,0,0,0,0,0,0,1,0,0,0
218,3,0.89,15,16,-1,0,0,0,-1,-1,-1,0,0,0,0
219,3,5.18,15,16,1,0,0,0,0,0,0,1,0,0,0
220,3,2.05,15,16,1,0,0,0,0,0,0,1,0,0,0
221,3,-0.3,15,16,1,0,0,0,0,0,0,1,0,0,0
222,3,14,15,16,0,0,0,0,0,0,0,0,0,0,0
223,3,14,15,16,0,0,0,0,0,0,0,0,0,0,0
224,3,0.71,15,16,1,0,0,0,0,0,0,1,0,0,0
225,3,2.56,4.21,16,1,-1,0,0,0,-1,-1,1,0,0,0
226,3,14,15,16,0,0,0,0,0,0,0,0,0,0,0
227,3,14,15,16,0,0,0,0,0,0,0,0,0,0,0
228,3,5.59,15,16,-1,0,0,0,-1,-1,-1,0,0,0,0
229,3,14,15,16,0,0,0,0,0,0,0,0,0,0,0
230,3,4.84,15,16,1,0,0,0,0,0,0,2,1,1,1
231,3,0.63,15,16,1,0,0,0,0,0,0,1,0,0,0
232,3,3.55,15,16,-1,0,0,0,-1,-1,-1,0,0,0,0
233,3,-0.32,15,16,1,0,0,0,0,0,0,1,0,0,0
234,3,5,15,16,1,0,0,0,0,0,0,1,0,0,0
235,3,14,15,16,0,0,0,0,0,0,0,0,0,0,0
236,3,14,15,16,0,0,0,0,0,0,0,0,0,0,0
237,3,14,15,16,0,0,0,0,0,0,0,0,0,0,0
238,3,14,15,16,0,0,0,0,0,0,0,0,0,0,0
239,3,14,15,16,0,0,0,0,0,0,0,0,0,0,0
240,3,14,15,16,0,0,0,0,0,0,0,0,0,0,0
241,3,14,15,16,0,0,0,0,0,0,0,0,0,0,0
242,3,1.54,15,16,1,0,0,0,0,0,0,1,0,0,0
243,3,14,15,16,0,0,0,0,0,0,0,0,0,0,0
244,3,-0.16,15,16,1,0,0,0,0,0,0,1,0,0,0
245,3,2.55,4.15,16,-1,-1,0,0,-1,-2,-2,0,0,0,0
246,3,14,15,16,0,0,0,0,0,0,0,0,0,0,0
247,3,0.71,3.72,16,1,-1,0,0,0,-1,-1,1,0,0,0
248,3,0.31,15,16,1,0,0,0,0,0,0,1,0,0,0
249,3,14,15,16,0,0,0,0,0,0,0,0,0,0,0
250,3,4.36,15,16,1,0,0,0,0,0,0,1,0,0,0
251,3,14,15,16,0,0,0,0,0,0,0,0,0,0,0
252,3,14,15,16,0,0,0,0,0,0,0,0,0,0,0
253,3,0.7,15,16,1,0,0,0,0,0,0,1,0,0,0
254,3,14,15,16,0,0,0,0,0,0,0,0,0,0,0
255,3,2.45,4.05,16,-1,-1,0,0,-1,-2,-2,0,0,0,0
256,3,2.6,4.34,16,1,-1,0,0,0,-1,-1,1,0,0,0
257,3,14,15,16,0,0,0,0,0,0,0,0,0,0,0
258,3,3.15,15,16,1,0,0,0,0,0,0,1,0,0,0
259,3,0.93,15,16,1,0,0,0,0,0,0,1,0,0,0
260,3,14,15,16,0,0,0,0,0,0,0,0,0,0,0
261,3,0.93,15,16,1,0,0,0,0,0,0,1,0,0,0
262,3,-0.011,15,16,1,0,0,0,0,0,0,1,0,0,0
263,3,14,15,16,0,0,0,0,0,0,0,0,0,0,0
264,3,3.73,15,16,-1,0,0,0,-1,-1,-1,0,0,0,0
265,3,14,15,16,0,0,0,0,0,0,0,0,0,0,0
266,3,0.32,15,16,1,0,0,0,0,0,0,1,0,0,0
267,3,14,15,16,0,0,0,0,0,0,0,0,0,0,0
268,3,14,15,16,0,0,0,0,0,0,0,0,0,0,0
269,3,4.01,15,16,1,0,0,0,0,0,0,1,0,0,0
270,3,14,15,16,0,0,0,0,0,0,0,0,0,0,0
271,3,14,15,16,0,0,0,0,0,0,0,0,0,0,0
272,3,14,15,16,0,0,0,0,0,0,0,0,0,0,0
273,3,2.16,15,16,1,0,0,0,0,0,0,1,0,0,0
274,3,14,15,16,0,0,0,0,0,0,0,0,0,0,0
275,3,2.78,15,16,1,0,0,0,0,0,0,1,0,0,0
276,3,14,15,16,0,0,0,0,0,0,0,0,0,0,0
277,3,14,15,16,0,0,0,0,0,0,0,0,0,0,0
278,3,14,15,16,0,0,0,0,0,0,0,0,0,0,0
279,3,3.26,15,16,1,0,0,0,0,0,0,1,0,0,0
280,3,14,15,16,0,0,0,0,0,0,0,0,0,0,0
281,3,14,15,16,0,0,0,0,0,0,0,0,0,0,0
282,3,14,15,16,0,0,0,0,0,0,0,0,0,0,0
283,3,3.8,15,16,1,0,0,0,0,0,0,1,0,0,0
284,3,0.15,15,16,1,0,0,0,0,0,0,1,0,0,0
285,3,14,15,16,0,0,0,0,0,0,0,0,0,0,0
286,3,14,15,16,0,0,0,0,0,0,0,0,0,0,0
287,3,5.02,15,16,1,0,0,0,0,0,0,1,0,0,0
288,3,0.75,4.17,16,1,-1,0,0,0,-1,-1,1,0,0,0
289,3,14,15,16,0,0,0,0,0,0,0,0,0,0,0
290,3,14,15,16,0,0,0,0,0,0,0,0,0,0,0
291,3,2.73,15,16,1,0,0,0,0,0,0,1,0,0,0
292,3,14,15,16,0,0,0,0,0,0,0,0,0,0,0
293,3,0.84,5.16,16,-1,1,0,0,-1,-1,-1,1,1,0,0
294,3,14,15,16,0,0,0,0,0,0,0,0,0,0,0
295,3,14,15,16,0,0,0,0,0,0,0,0,0,0,0
296,3,14,15,16,0,0,0,0,0,0,0,0,0,0,0
297,3,0.039,1.58,16,1,-1,0,0,0,-1,-1,1,0,0,0
298,3,0.085,15,16,1,0,0,0,0,0,0,1,0,0,0
299,3,0.42,15,16,1,0,0,0,0,0,0,1,0,0,0
300,3,14,15,16,0,0,0,0,0,0,0,0,0,0,0
301,3,14,15,16,0,0,0,0,0,0,0,0,0,0,0
302,3,14,15,16,0,0,0,0,0,0,0,0,0,0,0
303,3,0.33,15,16,1,0,0,0,0,0,0,1,0,0,0
304,3,0.21,1.54,16,1,1,0,0,0,0,0,2,1,0,0
305,3,1.35,15,16,1,0,0,0,0,0,0,1,0,0,0
306,3,-0.24,15,16,1,0,0,0,0,0,0,2,1,1,1
307,3,14,15,16,0,0,0,0,0,0,0,0,0,0,0
308,3,3.64,15,16,1,0,0,0,0,0,0,1,0,0,0
309,3,14,15,16,0,0,0,0,0,0,0,1,1,1,1
310,3,0.0069,2.46,16,1,1,0,0,0,0,0,2,1,0,0
311,3,14,15,16,0,0,0,0,0,0,0,0,0,0,0
312,3,2.18,3.71,16,1,1,0,0,0,0,0,2,1,0,0
313,3,0.49,15,16,1,0,0,0,0,0,0,1,0,0,0
314,3,14,15,16,0,0,0,-1,-1,-1,-1,1,1,1,1
315,3,14,15,16,0,0,0,0,0,0,0,0,0,0,0
316,3,4.39,15,16,1,0,0,0,0,0,0,1,0,0,0
317,3,2.13,15,16,1,0,0,0,0,0,0,1,0,0,0
318,3,0.24,15,16,1,0,0,0,0,0,0,1,0,0,0
319,3,14,15,16,0,0,0,0,0,0,0,0,0,0,0
320,3,14,15,16,0,0,0,0,0,0,0,0,0,0,0
321,3,0.37,15,16,1,0,0,0,0,0,0,1,0,0,0
322,3,14,15,16,0,0,0,0,0,0,0,0,0,0,0
323,3,14,15,16,0,0,0,0,0,0,0,1,1,1,1
324,3,0.49,15,16,1,0,0,0,0,0,0,1,0,0,0
325,3,14,15,16,0,0,0,0,0,0,0,0,0,0,0
326,3,14,15,16,0,0,0,0,0,0,0,0,0,0,0
327,3,0.49,15,16,1,0,0,0,0,0,0,1,0,0,0
328,3,2.88,15,16,1,0,0,0,0,0,0,1,0,0,0
329,3,14,15,16,0,0,0,0,0,0,0,0,0,0,0
330,3,14,15,16,0,0,0,0,0,0,0,1,1,1,1
331,3,-0.0412,4.8,16,1,1,0,0,0,0,0,2,1,0,0
332,3,14,15,16,0,0,0,0,0,0,0,0,0,0,0
333,3,2.33,15,16,1,0,0,0,0,0,0,1,0,0,0
334,3,14,15,16,0,0,0,0,0,0,0,0,0,0,0
335,3,14,15,16,0,0,0,0,0,0,0,0,0,0,0
336,3,14,15,16,0,0,0,0,0,0,0,0,0,0,0
337,3,14,15,16,0,0,0,0,0,0,0,0,0,0,0
338,3,14,15,16,0,0,0,0,0,0,0,1,1,1,1
339,3,-0.23,15,16,1,0,0,0,0,0,0,1,0,0,0
340,3,14,15,16,0,0,0,0,0,0,0,0,0,0,0
341,3,3.62,15,16,1,0,0,0,0,0,0,1,0,0,0
342,3,14,15,16,0,0,0,0,0,0,0,0,0,0,0
343,3,3.4,15,16,1,0,0,0,0,0,0,1,0,0,0
344,3,0.0142,15,16,1,0,0,0,0,0,0,1,0,0,0
345,3,0.99,15,16,1,0,0,0,0,0,0,1,0,0,0
346,3,14,15,16,0,0,0,0,0,0,0,0,0,0,0
347,3,14,15,16,0,0,0,0,0,0,0,0,0,0,0
348,3,2.29,15,16,-1,0,0,0,-1,-1,-1,1,1,1,1
349,3,14,15,16,0,0,0,0,0,0,0,1,1,1,1
350,3,14,15,16,0,0,0,0,0,0,0,1,1,1,1
351,3,14,15,16,0,0,0,0,0,0,0,1,1,1,1
352,3,14,15,16,0,0,0,0,0,0,0,0,0,0,0
353,3,3.43,15,16,-1,0,0,0,-1,-1,-1,0,0,0,0
354,3,2.3,15,16,1,0,0,0,0,0,0,1,0,0,0
355,3,14,15,16,0,0,0,0,0,0,0,1,1,1,1
356,3,1.84,15,16,1,0,0,0,0,0,0,1,0,0,0
357,3,14,15,16,0,0,0,0,0,0,0,0,0,0,0
358,3,2.29,15,16,1,0,0,0,0,0,0,1,0,0,0
359,3,14,15,16,0,0,0,0,0,0,0,1,1,1,1
360,3,14,15,16,0,0,0,0,0,0,0,1,1,1,1
361,3,2.35,15,16,-1,0,0,0,-1,-1,-1,1,1,1,1
362,3,2.21,3.24,16,-1,-1,0,0,-1,-2,-2,1,1,1,1
363,3,14,15,16,0,0,0,0,0,0,0,0,0,0,0
364,3,14,15,16,0,0,0,0,0,0,0,0,0,0,0
365,3,1.39,15,16,1,0,0,0,0,0,0,1,0,0,0
366,3,14,15,16,0,0,0,0,0,0,0,0,0,0,0
367,3,14,15,16,0,0,0,0,0,0,0,0,0,0,0
368,3,3.46,15,16,1,0,0,0,0,0,0,2,1,1,1
369,3,3.28,15,16,1,0,0,0,0,0,0,1,0,0,0
370,3,14,15,16,0,0,0,0,0,0,0,1,1,1,1
371,3,2.55,15,16,1,0,0,0,0,0,0,1,0,0,0
372,3,14,15,16,0,0,0,0,0,0,0,0,0,0,0
373,3,4.76,15,16,-1,0,0,0,-1,-1,-1,0,0,0,0
374,3,14,15,16,0,0,0,0,0,0,0,1,1,1,1
375,3,2.2,2.56,3.16,-1,-1,-1,0,-1,-2,-3,0,0,0,0
376,3,14,15,16,0,0,0,0,0,0,0,0,0,0,0
377,3,14,15,16,0,0,0,0,0,0,0,1,1,1,1
378,3,1.54,15,16,1,0,0,0,0,0,0,1,0,0,0
379,3,14,15,16,0,0,0,0,0,0,0,0,0,0,0
380,3,1.86,15,16,1,0,0,0,0,0,0,2,1,1,1
381,3,4.27,15,16,-1,0,0,0,-1,-1,-1,0,0,0,0
382,3,3.58,15,16,-1,0,0,0,-1,-1,-1,0,0,0,0
383,3,14,15,16,0,0,0,0,0,0,0,1,1,1,1
384,3,14,15,16,0,0,0,0,0,0,0,1,1,1,1
385,3,1.15,15,16,-1,0,0,0,-1,-1,-1,1,1,1,1
386,3,14,15,16,0,0,0,0,0,0,0,1,1,1,1
387,3,1,3.63,16,-1,1,0,0,-1,-1,-1,1,1,0,0
388,3,14,15,16,0,0,0,0,0,0,0,1,1,1,1
389,3,14,15,16,0,0,0,-2,-2,-2,-2,0,0,0,0
390,3,4.32,15,16,-1,0,0,0,-1,-1,-1,0,0,0,0
391,3,3.81,15,16,1,0,0,0,0,0,0,1,0,0,0
392,3,1.63,4.12,16,-1,-1,0,0,-1,-2,-2,1,1,1,1
393,3,14,15,16,0,0,0,0,0,0,0,1,1,1,1
394,3,3.82,15,16,1,0,0,0,0,0,0,1,0,0,0
395,3,4.41,15,16,1,0,0,0,0,0,0,1,0,0,0
396,3,3.44,15,16,1,0,0,0,0,0,0,2,1,1,1
397,3,14,15,16,0,0,0,0,0,0,0,1,1,1,1
398,3,14,15,16,0,0,0,0,0,0,0,1,1,1,1
399,3,0.25,15,16,1,0,0,-1,-1,-1,-1,1,0,0,0
400,3,14,15,16,0,0,0,0,0,0,0,1,1,1,1
401,3,2.15,15,16,-1,0,0,0,-1,-1,-1,1,1,1,1
402,3,0.59,15,16,1,0,0,-1,-1,-1,-1,1,0,0,0
403,3,2.94,4.39,16,1,1,0,0,0,0,0,2,1,0,0
404,3,14,15,16,0,0,0,0,0,0,0,0,0,0,0
405,3,14,15,16,0,0,0,0,0,0,0,1,1,1,1
406,3,3.78,15,16,1,0,0,0,0,0,0,1,0,0,0
407,3,14,15,16,0,0,0,0,0,0,0,1,1,1,1
408,3,14,15,16,0,0,0,0,0,0,0,0,0,0,0
409,3,14,15,16,0,0,0,0,0,0,0,0,0,0,0
410,3,14,15,16,0,0,0,0,0,0,0,0,0,0,0
411,3,3.18,4.48,16,-1,1,0,0,-1,-1,-1,1,1,0,0
412,3,4.04,15,16,-1,0,0,0,-1,-1,-1,1,1,1,1
413,3,14,15,16,0,0,0,0,0,0,0,0,0,0,0
414,3,3.97,15,16,1,0,0,0,0,0,0,2,1,1,1
415,3,14,15,16,0,0,0,0,0,0,0,1,1,1,1
416,3,14,15,16,0,0,0,0,0,0,0,1,1,1,1
417,3,1.22,3.75,16,1,1,0,0,0,0,0,2,1,0,0
418,3,14,15,16,0,0,0,0,0,0,0,0,0,0,0
419,3,3.36,15,16,1,0,0,0,0,0,0,1,0,0,0
420,3,14,15,16,0,0,0,0,0,0,0,0,0,0,0
421,3,14,15,16,0,0,0,0,0,0,0,0,0,0,0
422,3,14,15,16,0,0,0,0,0,0,0,1,1,1,1
423,3,14,15,16,0,0,0,0,0,0,0,1,1,1,1
424,3,14,15,16,0,0,0,0,0,0,0,1,1,1,1
425,3,3.18,15,16,-1,0,0,0,-1,-1,-1,1,1,1,1
426,3,1.76,15,16,1,0,0,0,0,0,0,1,0,0,0
427,3,14,15,16,0,0,0,0,0,0,0,0,0,0,0
428,3,14,15,16,0,0,0,0,0,0,0,0,0,0,0
429,3,14,15,16,0,0,0,0,0,0,0,1,1,1,1
430,3,14,15,16,0,0,0,0,0,0,0,0,0,0,0
431,3,3.18,15,16,1,0,0,0,0,0,0,2,1,1,1
432,3,14,15,16,0,0,0,0,0,0,0,1,1,1,1
433,3,14,15,16,0,0,0,0,0,0,0,1,1,1,1
434,3,-0.11,3.99,16,1,1,0,0,0,0,0,3,2,1,1
435,3,14,15,16,0,0,0,0,0,0,0,0,0,0,0
436,3,1.23,2.19,16,1,1,0,0,0,0,0,2,1,0,0
437,3,14,15,16,0,0,0,0,0,0,0,0,0,0,0
438,3,14,15,16,0,0,0,0,0,0,0,0,0,0,0
439,3,14,15,16,0,0,0,0,0,0,0,0,0,0,0
440,3,4.25,15,16,1,0,0,0,0,0,0,2,1,1,1
441,3,14,15,16,0,0,0,0,0,0,0,1,1,1,1
442,3,4.71,15,16,-1,0,0,0,-1,-1,-1,0,0,0,0
443,3,4.46,15,16,1,0,0,0,0,0,0,2,1,1,1
444,3,2.84,15,16,1,0,0,0,0,0,0,1,0,0,0
445,3,4.22,15,16,-1,0,0,0,-1,-1,-1,0,0,0,0
446,3,14,15,16,0,0,0,0,0,0,0,0,0,0,0
447,3,3.12,15,16,-1,0,0,0,-1,-1,-1,1,1,1,1
448,3,14,15,16,0,0,0,0,0,0,0,1,1,1,1
449,3,14,15,16,0,0,0,0,0,0,0,1,1,1,1
450,3,14,15,16,0,0,0,0,0,0,0,1,1,1,1
451,3,14,15,16,0,0,0,0,0,0,0,0,0,0,0
452,3,14,15,16,0,0,0,0,0,0,0,0,0,0,0
453,3,0.65,15,16,1,0,0,0,0,0,0,2,1,1,1
454,3,3.82,15,16,1,0,0,0,0,0,0,1,0,0,0
455,3,1.95,15,16,-1,0,0,0,-1,-1,-1,1,1,1,1
456,3,14,15,16,0,0,0,0,0,0,0,1,1,1,1
457,3,14,15,16,0,0,0,0,0,0,0,1,1,1,1
458,3,4.46,15,16,1,0,0,0,0,0,0,2,1,1,1
459,3,4.46,15,16,1,0,0,0,0,0,0,2,1,1,1
460,3,14,15,16,0,0,0,0,0,0,0,1,1,1,1
461,3,14,15,16,0,0,0,0,0,0,0,0,0,0,0
462,3,14,15,16,0,0,0,0,0,0,0,0,0,0,0
463,3,4.57,15,16,1,0,0,0,0,0,0,1,0,0,0
464,3,3.85,15,16,-1,0,0,0,-1,-1,-1,0,0,0,0
465,3,14,15,16,0,0,0,0,0,0,0,2,2,2,2
466,3,14,15,16,0,0,0,0,0,0,0,0,0,0,0
467,3,1.7,2.66,16,1,-1,0,0,0,-1,-1,1,0,0,0
468,3,2.49,2.68,16,-1,-1,0,0,-1,-2,-2,1,1,1,1
469,3,14,15,16,0,0,0,0,0,0,0,1,1,1,1
470,3,3.97,15,16,1,0,0,0,0,0,0,2,1,1,1
471,3,4.72,15,16,1,0,0,0,0,0,0,1,0,0,0
472,3,2.18,15,16,-1,0,0,0,-1,-1,-1,1,1,1,1
473,3,2.85,15,16,1,0,0,0,0,0,0,2,1,1,1
474,3,0.29,15,16,1,0,0,0,0,0,0,1,0,0,0
475,3,3.12,15,16,-1,0,0,0,-1,-1,-1,1,1,1,1
476,3,14,15,16,0,0,0,0,0,0,0,0,0,0,0
477,3,14,15,16,0,0,0,0,0,0,0,0,0,0,0
478,3,2.06,15,16,1,0,0,0,0,0,0,2,1,1,1
479,3,1.25,15,16,1,0,0,0,0,0,0,1,0,0,0
480,3,14,15,16,0,0,0,0,0,0,0,2,2,2,2
481,3,0.61,1.51,16,-1,-1,0,0,-1,-2,-2,1,1,1,1
482,3,14,15,16,0,0,0,0,0,0,0,1,1,1,1
483,3,14,15,16,0,0,0,0,0,0,0,0,0,0,0
484,3,14,15,16,0,0,0,0,0,0,0,1,1,1,1
485,3,2.6,15,16,-1,0,0,0,-1,-1,-1,1,1,1,1
486,3,14,15,16,0,0,0,0,0,0,0,0,0,0,0
487,3,0.63,15,16,1,0,0,0,0,0,0,2,1,1,1
488,3,3.61,15,16,1,0,0,0,0,0,0,1,0,0,0
489,3,4.33,15,16,1,0,0,0,0,0,0,1,0,0,0
490,3,14,15,16,0,0,0,0,0,0,0,0,0,0,0
491,3,14,15,16,0,0,0,0,0,0,0,1,1,1,1
492,3,14,15,16,0,0,0,0,0,0,0,1,1,1,1
493,3,14,15,16,0,0,0,0,0,0,0,1,1,1,1
494,3,2.38,15,16,1,0,0,0,0,0,0,2,1,1,1
495,3,0.33,15,16,-1,0,0,0,-1,-1,-1,1,1,1,1
496,3,3.7,15,16,-1,0,0,0,-1,-1,-1,0,0,0,0
497,3,1.89,2.42,4.67,-1,-1,1,0,-1,-2,-2,2,2,2,1
498,3,4.54,4.67,16,1,-1,0,0,0,-1,-1,1,0,0,0
499,3,0.93,15,16,1,0,0,0,0,0,0,1,0,0,0
500,3,14,15,16,0,0,0,0,0,0,0,1,1,1,1
501,3,0.25,15,16,1,0,0,0,0,0,0,2,1,1,1
502,3,3.51,15,16,1,0,0,0,0,0,0,1,0,0,0
503,3,2.31,15,16,1,0,0,0,0,0,0,2,1,1,1
504,3,0.5,15,16,1,0,0,0,0,0,0,1,0,0,0
505,3,14,15,16,0,0,0,0,0,0,0,1,1,1,1
506,3,14,15,16,0,0,0,0,0,0,0,1,1,1,1
507,3,14,15,16,0,0,0,0,0,0,0,1,1,1,1
508,3,0.0796,15,16,1,0,0,0,0,0,0,1,0,0,0
509,3,14,15,16,0,0,0,0,0,0,0,1,1,1,1
510,3,1.88,15,16,1,0,0,0,0,0,0,2,1,1,1
511,3,14,15,16,0,0,0,0,0,0,0,1,1,1,1
512,3,14,15,16,0,0,0,0,0,0,0,0,0,0,0
513,3,0.0544,15,16,1,0,0,0,0,0,0,2,1,1,1
514,3,14,15,16,0,0,0,0,0,0,0,1,1,1,1
515,3,4.44,15,16,1,0,0,0,0,0,0,2,1,1,1
516,3,14,15,16,0,0,0,0,0,0,0,1,1,1,1
517,3,2.47,15,16,1,0,0,0,0,0,0,1,0,0,0
518,3,14,15,16,0,0,0,0,0,0,0,1,1,1,1
519,3,14,15,16,0,0,0,0,0,0,0,1,1,1,1
520,3,14,15,16,0,0,0,0,0,0,0,1,1,1,1
521,3,1.77,15,16,1,0,0,0,0,0,0,2,1,1,1
522,3,4.26,15,16,1,0,0,0,0,0,0,1,0,0,0
523,3,14,15,16,0,0,0,0,0,0,0,1,1,1,1
524,3,2.99,15,16,1,0,0,0,0,0,0,2,1,1,1
525,3,14,15,16,0,0,0,0,0,0,0,1,1,1,1
526,3,14,15,16,0,0,0,0,0,0,0,0,0,0,0
527,3,14,15,16,0,0,0,0,0,0,0,1,1,1,1
528,3,14,15,16,0,0,0,0,0,0,0,1,1,1,1
529,3,-0.34,1.06,16,1,1,0,0,0,0,0,2,1,0,0
530,3,14,15,16,0,0,0,0,0,0,0,1,1,1,1
531,3,14,15,16,0,0,0,0,0,0,0,0,0,0,0
532,3,0.21,15,16,1,0,0,0,0,0,0,1,0,0,0
533,3,2.36,15,16,1,0,0,0,0,0,0,1,0,0,0
534,3,14,15,16,0,0,0,0,0,0,0,0,0,0,0
535,3,14,15,16,0,0,0,0,0,0,0,1,1,1,1
536,3,3.3,15,16,1,0,0,0,0,0,0,2,1,1,1
537,3,14,15,16,0,0,0,0,0,0,0,1,1,1,1
538,3,3.06,15,16,1,0,0,0,0,0,0,2,1,1,1
539,3,14,15,16,0,0,0,0,0,0,0,0,0,0,0
540,3,2.24,15,16,-1,0,0,0,-1,-1,-1,1,1,1,1
541,3,14,15,16,0,0,0,0,0,0,0,1,1,1,1
542,3,14,15,16,0,0,0,0,0,0,0,1,1,1,1
543,3,2.8,15,16,-1,0,0,0,-1,-1,-1,0,0,0,0
544,3,14,15,16,0,0,0,0,0,0,0,0,0,0,0
545,3,14,15,16,0,0,0,0,0,0,0,2,2,2,2
546,3,14,15,16,0,0,0,0,0,0,0,1,1,1,1
547,3,4.76,15,16,-1,0,0,0,-1,-1,-1,0,0,0,0
548,3,14,15,16,0,0,0,0,0,0,0,1,1,1,1
549,3,3.28,15,16,-1,0,0,0,-1,-1,-1,1,1,1,1
550,3,3.82,15,16,1,0,0,0,0,0,0,1,0,0,0
551,3,1.5,4.4,16,1,1,0,0,0,0,0,2,1,0,0
552,3,14,15,16,0,0,0,0,0,0,0,1,1,1,1
553,3,14,15,16,0,0,0,0,0,0,0,0,0,0,0
554,3,14,15,16,0,0,0,0,0,0,0,1,1,1,1
555,3,14,15,16,0,0,0,0,0,0,0,1,1,1,1
556,3,14,15,16,0,0,0,0,0,0,0,1,1,1,1
557,3,4.31,15,16,-1,0,0,0,-1,-1,-1,0,0,0,0
558,3,3.16,15,16,-1,0,0,0,-1,-1,-1,1,1,1,1
559,3,1.11,15,16,1,0,0,0,0,0,0,2,1,1,1
560,3,14,15,16,0,0,0,0,0,0,0,1,1,1,1
561,3,14,15,16,0,0,0,0,0,0,0,0,0,0,0
562,3,4.43,15,16,-1,0,0,0,-1,-1,-1,1,1,1,1
563,3,3.58,15,16,1,0,0,0,0,0,0,1,0,0,0
564,3,14,15,16,0,0,0,0,0,0,0,1,1,1,1
565,3,14,15,16,0,0,0,0,0,0,0,1,1,1,1
566,3,2.69,15,16,1,0,0,0,0,0,0,2,1,1,1
567,3,5.11,15,16,-1,0,0,0,-1,-1,-1,0,0,0,0
568,3,4.33,15,16,1,0,0,0,0,0,0,1,0,0,0
569,3,0.86,15,16,1,0,0,0,0,0,0,1,0,0,0
570,3,2.73,15,16,1,0,0,0,0,0,0,1,0,0,0
571,3,0.77,15,16,1,0,0,0,0,0,0,2,1,1,1
572,3,14,15,16,0,0,0,0,0,0,0,0,0,0,0
573,3,14,15,16,0,0,0,0,0,0,0,0,0,0,0
574,3,14,15,16,0,0,0,0,0,0,0,0,0,0,0
575,3,3.5,15,16,-1,0,0,0,-1,-1,-1,0,0,0,0
576,3,0.58,15,16,1,0,0,0,0,0,0,2,1,1,1
577,3,14,15,16,0,0,0,0,0,0,0,0,0,0,0
578,3,5.12,15,16,1,0,0,0,0,0,0,1,0,0,0
579,3,1.11,5.04,16,-1,1,0,0,-1,-1,-1,1,1,0,0
580,3,2.22,15,16,1,0,0,0,0,0,0,2,1,1,1
581,3,3.4,15,16,1,0,0,0,0,0,0,2,1,1,1
582,3,14,15,16,0,0,0,0,0,0,0,1,1,1,1
583,3,14,15,16,0,0,0,0,0,0,0,0,0,0,0
584,3,5.4,15,16,1,0,0,0,0,0,0,1,0,0,0
585,3,0.32,3.21,16,1,-1,0,0,0,-1,-1,1,0,0,0
586,3,14,15,16,0,0,0,0,0,0,0,0,0,0,0
587,3,2.4,15,16,1,0,0,0,0,0,0,1,0,0,0
588,3,2.53,15,16,1,0,0,0,0,0,0,1,0,0,0
589,3,4.72,15,16,-1,0,0,0,-1,-1,-1,1,1,1,1
590,3,14,15,16,0,0,0,0,0,0,0,1,1,1,1
591,3,14,15,16,0,0,0,0,0,0,0,0,0,0,0
592,3,14,15,16,0,0,0,0,0,0,0,1,1,1,1
593,3,1.92,15,16,1,0,0,0,0,0,0,2,1,1,1
594,3,14,15,16,0,0,0,0,0,0,0,0,0,0,0
595,3,1.22,15,16,1,0,0,0,0,0,0,1,0,0,0
596,3,14,15,16,0,0,0,0,0,0,0,1,1,1,1
597,3,14,15,16,0,0,0,0,0,0,0,1,1,1,1
598,3,14,15,16,0,0,0,0,0,0,0,1,1,1,1
599,3,14,15,16,0,0,0,0,0,0,0,1,1,1,1
600,3,14,15,16,0,0,0,0,0,0,0,0,0,0,0
601,3,14,15,16,0,0,0,0,0,0,0,0,0,0,0
602,3,14,15,16,0,0,0,0,0,0,0,0,0,0,0
603,3,14,15,16,0,0,0,0,0,0,0,1,1,1,1
604,3,3.23,15,16,-1,0,0,0,-1,-1,-1,0,0,0,0
605,3,1.42,15,16,1,0,0,0,0,0,0,1,0,0,0
606,3,0.51,3.62,16,1,1,0,0,0,0,0,2,1,0,0
607,3,14,15,16,0,0,0,0,0,0,0,1,1,1,1
608,3,1.15,15,16,1,0,0,0,0,0,0,1,0,0,0
609,3,14,15,16,0,0,0,0,0,0,0,1,1,1,1
610,3,14,15,16,0,0,0,0,0,0,0,0,0,0,0
611,3,14,15,16,0,0,0,0,0,0,0,1,1,1,1
612,3,4.41,15,16,-1,0,0,0,-1,-1,-1,0,0,0,0
613,3,3.56,15,16,1,0,0,0,0,0,0,2,1,1,1
614,3,2.03,4.43,16,-1,-1,0,0,-1,-2,-2,1,1,1,1
615,3,0.18,15,16,1,0,0,0,0,0,0,2,1,1,1
616,3,14,15,16,0,0,0,0,0,0,0,1,1,1,1
617,3,14,15,16,0,0,0,0,0,0,0,1,1,1,1
618,3,14,15,16,0,0,0,0,0,0,0,1,1,1,1
619,3,4.5,15,16,-1,0,0,0,-1,-1,-1,0,0,0,0
620,3,1.62,15,16,1,0,0,0,0,0,0,2,1,1,1
621,3,14,15,16,0,0,0,0,0,0,0,1,1,1,1
622,3,2.21,15,16,-1,0,0,0,-1,-1,-1,1,1,1,1
623,3,2.8,15,16,-1,0,0,0,-1,-1,-1,0,0,0,0
624,3,4.29,15,16,-1,0,0,0,-1,-1,-1,0,0,0,0
625,3,-0.25,15,16,-1,0,0,0,-1,-1,-1,1,1,1,1
626,3,1.62,15,16,1,0,0,0,0,0,0,1,0,0,0
627,3,4.27,15,16,1,0,0,0,0,0,0,1,0,0,0
628,3,14,15,16,0,0,0,0,0,0,0,0,0,0,0
629,3,1.44,15,16,1,0,0,0,0,0,0,1,0,0,0
630,3,14,15,16,0,0,0,0,0,0,0,1,1,1,1
631,3,14,15,16,0,0,0,0,0,0,0,1,1,1,1
632,3,5.54,15,16,1,0,0,0,0,0,0,1,0,0,0
633,3,14,15,16,0,0,0,0,0,0,0,0,0,0,0
634,3,14,15,16,0,0,0,0,0,0,0,1,1,1,1
635,3,14,15,16,0,0,0,0,0,0,0,1,1,1,1
636,3,-0.23,3.49,16,1,1,0,0,0,0,0,3,2,1,1
637,3,2.09,4.99,16,1,1,0,0,0,0,0,3,2,1,1
638,3,14,15,16,0,0,0,0,0,0,0,1,1,1,1
639,3,14,15,16,0,0,0,0,0,0,0,0,0,0,0
640,3,14,15,16,0,0,0,0,0,0,0,0,0,0,0
641,3,4.5,5.44,16,-1,1,0,0,-1,-1,-1,1,1,0,0
642,3,14,15,16,0,0,0,0,0,0,0,1,1,1,1
643,3,1.74,15,16,1,0,0,0,0,0,0,2,1,1,1
644,3,2.61,15,16,1,0,0,0,0,0,0,2,1,1,1
645,3,2.29,15,16,-1,0,0,0,-1,-1,-1,1,1,1,1
646,3,14,15,16,0,0,0,0,0,0,0,1,1,1,1
647,3,14,15,16,0,0,0,0,0,0,0,0,0,0,0
648,3,2.21,3.17,16,-1,-1,0,0,-1,-2,-2,1,1,1,1
649,3,2.47,15,16,-1,0,0,0,-1,-1,-1,1,1,1,1
650,3,2.69,15,16,1,0,0,0,0,0,0,1,0,0,0
651,3,5.05,15,16,1,0,0,0,0,0,0,1,0,0,0
652,3,3.93,15,16,1,0,0,0,0,0,0,2,1,1,1
653,3,14,15,16,0,0,0,0,0,0,0,1,1,1,1
654,3,2.4,3.2,16,1,1,0,0,0,0,0,3,2,1,1
655,3,4.25,15,16,-1,0,0,0,-1,-1,-1,1,1,1,1
656,3,14,15,16,0,0,0,0,0,0,0,1,1,1,1
657,3,14,15,16,0,0,0,0,0,0,0,1,1,1,1
658,3,4.51,15,16,-1,0,0,0,-1,-1,-1,0,0,0,0
659,3,14,15,16,0,0,0,0,0,0,0,0,0,0,0
660,3,1.37,15,16,1,0,0,0,0,0,0,1,0,0,0
661,3,14,15,16,0,0,0,0,0,0,0,0,0,0,0
662,3,14,15,16,0,0,0,0,0,0,0,1,1,1,1
663,3,14,15,16,0,0,0,0,0,0,0,1,1,1,1
664,3,14,15,16,0,0,0,0,0,0,0,1,1,1,1
665,3,1.7,4.71,16,-1,1,0,0,-1,-1,-1,1,1,0,0
666,3,14,15,16,0,0,0,0,0,0,0,1,1,1,1
667,3,3.73,15,16,1,0,0,0,0,0,0,2,1,1,1
668,3,2.28,15,16,-1,0,0,0,-1,-1,-1,1,1,1,1
669,3,14,15,16,0,0,0,0,0,0,0,0,0,0,0
670,3,2.27,15,16,-1,0,0,0,-1,-1,-1,0,0,0,0
671,3,14,15,16,0,0,0,0,0,0,0,1,1,1,1
672,3,14,15,16,0,0,0,0,0,0,0,1,1,1,1
673,3,14,15,16,0,0,0,0,0,0,0,2,2,2,2
674,3,14,15,16,0,0,0,0,0,0,0,1,1,1,1
675,3,14,15,16,0,0,0,0,0,0,0,0,0,0,0
676,3,14,15,16,0,0,0,0,0,0,0,0,0,0,0
677,3,3.44,15,16,1,0,0,0,0,0,0,2,1,1,1
678,3,14,15,16,0,0,0,0,0,0,0,1,1,1,1
679,3,14,15,16,0,0,0,0,0,0,0,0,0,0,0
680,3,0.5,15,16,1,0,0,0,0,0,0,1,0,0,0
681,3,1.25,15,16,1,0,0,0,0,0,0,1,0,0,0
682,3,14,15,16,0,0,0,0,0,0,0,0,0,0,0
683,3,0.8,4.28,16,1,-1,0,0,0,-1,-1,1,0,0,0
684,3,14,15,16,0,0,0,0,0,0,0,0,0,0,0
685,3,0.25,15,16,1,0,0,0,0,0,0,2,1,1,1
686,3,3.39,15,16,-1,0,0,0,-1,-1,-1,0,0,0,0
687,3,14,15,16,0,0,0,0,0,0,0,1,1,1,1
688,3,14,15,16,0,0,0,0,0,0,0,0,0,0,0
689,3,14,15,16,0,0,0,0,0,0,0,0,0,0,0
690,3,14,15,16,0,0,0,0,0,0,0,1,1,1,1
691,3,3.45,4.77,16,-1,-1,0,0,-1,-2,-2,0,0,0,0
692,3,14,15,16,0,0,0,0,0,0,0,1,1,1,1
693,3,3.3,15,16,1,0,0,0,0,0,0,1,0,0,0
694,3,0.38,15,16,1,0,0,0,0,0,0,2,1,1,1
695,3,14,15,16,0,0,0,0,0,0,0,1,1,1,1
696,3,5.16,15,16,1,0,0,0,0,0,0,1,0,0,0
697,3,2.12,15,16,1,0,0,0,0,0,0,2,1,1,1
698,3,3.14,15,16,1,0,0,0,0,0,0,2,1,1,1
699,3,14,15,16,0,0,0,0,0,0,0,1,1,1,1
700,3,-0.29,4.64,16,1,-1,0,0,0,-1,-1,1,0,0,0
701,3,14,15,16,0,0,0,0,0,0,0,0,0,0,0
702,3,2.63,15,16,1,0,0,0,0,0,0,2,1,1,1
703,3,14,15,16,0,0,0,0,0,0,0,1,1,1,1
704,3,-0.18,5.09,16,1,1,0,0,0,0,0,2,1,0,0
705,3,14,15,16,0,0,0,0,0,0,0,0,0,0,0
706,3,4.69,4.75,16,1,1,0,0,0,0,0,2,1,0,0
707,3,0.98,15,16,1,0,0,0,0,0,0,2,1,1,1
708,3,14,15,16,0,0,0,0,0,0,0,1,1,1,1
709,3,3.16,15,16,1,0,0,0,0,0,0,2,1,1,1
710,3,4.77,15,16,1,0,0,0,0,0,0,2,1,1,1
711,3,3.99,15,16,1,0,0,0,0,0,0,2,1,1,1
712,3,14,15,16,0,0,0,0,0,0,0,0,0,0,0
713,3,14,15,16,0,0,0,0,0,0,0,0,0,0,0
714,3,0.13,15,16,1,0,0,0,0,0,0,1,0,0,0
715,3,4.17,15,16,1,0,0,0,0,0,0,2,1,1,1
716,3,14,15,16,0,0,0,0,0,0,0,1,1,1,1
717,3,14,15,16,0,0,0,0,0,0,0,1,1,1,1
718,3,1.21,15,16,1,0,0,0,0,0,0,1,0,0,0
719,3,4.77,15,16,1,0,0,0,0,0,0,2,1,1,1
720,3,14,15,16,0,0,0,0,0,0,0,1,1,1,1
721,3,4.03,15,16,1,0,0,0,0,0,0,2,1,1,1
722,3,5.3,15,16,1,0,0,0,0,0,0,1,0,0,0
723,3,14,15,16,0,0,0,0,0,0,0,0,0,0,0
724,3,14,15,16,0,0,0,0,0,0,0,1,1,1,1
725,3,4.33,15,16,-1,0,0,0,-1,-1,-1,0,0,0,0
726,3,1.31,4.88,16,1,1,0,0,0,0,0,2,1,0,0
727,3,14,15,16,0,0,0,0,0,0,0,1,1,1,1
728,3,14,15,16,0,0,0,0,0,0,0,1,1,1,1
729,3,14,15,16,0,0,0,0,0,0,0,0,0,0,0
730,3,14,15,16,0,0,0,0,0,0,0,1,1,1,1
731,3,14,15,16,0,0,0,0,0,0,0,1,1,1,1
732,3,2.28,15,16,1,0,0,0,0,0,0,2,1,1,1
733,3,14,15,16,0,0,0,0,0,0,0,0,0,0,0
734,3,14,15,16,0,0,0,0,0,0,0,1,1,1,1
735,3,4.73,15,16,-1,0,0,0,-1,-1,-1,0,0,0,0
736,3,0.71,1.93,16,1,1,0,0,0,0,0,3,2,1,1
737,3,2.96,15,16,1,0,0,0,0,0,0,1,0,0,0
738,3,1.19,15,16,1,0,0,0,0,0,0,1,0,0,0
739,3,14,15,16,0,0,0,0,0,0,0,1,1,1,1
740,3,0.57,15,16,1,0,0,0,0,0,0,2,1,1,1
741,3,4.26,15,16,-1,0,0,0,-1,-1,-1,0,0,0,0
742,3,14,15,16,0,0,0,0,0,0,0,0,0,0,0
743,3,2.38,15,16,1,0,0,0,0,0,0,2,1,1,1
744,3,14,15,16,0,0,0,0,0,0,0,1,1,1,1
745,3,5.41,15,16,1,0,0,0,0,0,0,1,0,0,0
746,3,4.73,15,16,-1,0,0,0,-1,-1,-1,0,0,0,0
747,3,14,15,16,0,0,0,0,0,0,0,1,1,1,1
748,3,0.94,15,16,1,0,0,0,0,0,0,2,1,1,1
749,3,14,15,16,0,0,0,0,0,0,0,1,1,1,1
750,3,14,15,16,0,0,0,0,0,0,0,1,1,1,1
751,3,14,15,16,0,0,0,0,0,0,0,1,1,1,1
752,3,2.97,15,16,1,0,0,0,0,0,0,1,0,0,0
753,3,14,15,16,0,0,0,0,0,0,0,1,1,1,1
754,3,1.79,15,16,1,0,0,0,0,0,0,1,0,0,0
755,3,14,15,16,0,0,0,0,0,0,0,0,0,0,0
756,3,4.54,15,16,1,0,0,0,0,0,0,2,1,1,1
757,3,1.25,15,16,1,0,0,0,0,0,0,1,0,0,0
758,3,14,15,16,0,0,0,0,0,0,0,1,1,1,1
759,3,14,15,16,0,0,0,0,0,0,0,1,1,1,1
760,3,14,15,16,0,0,0,0,0,0,0,1,1,1,1
761,3,5.54,15,16,1,0,0,0,0,0,0,1,0,0,0
762,3,3.77,15,16,1,0,0,0,0,0,0,2,1,1,1
763,3,14,15,16,0,0,0,0,0,0,0,1,1,1,1
764,3,2.29,4.57,16,1,1,0,0,0,0,0,3,2,1,1
765,3,14,15,16,0,0,0,0,0,0,0,1,1,1,1
766,3,14,15,16,0,0,0,0,0,0,0,1,1,1,1
767,3,14,15,16,0,0,0,0,0,0,0,1,1,1,1
768,3,14,15,16,0,0,0,0,0,0,0,1,1,1,1
769,3,14,15,16,0,0,0,0,0,0,0,1,1,1,1
770,3,4.63,15,16,-1,0,0,0,-1,-1,-1,0,0,0,0
771,3,-0.25,15,16,1,0,0,0,0,0,0,2,1,1,1
772,3,5.25,15,16,-1,0,0,0,-1,-1,-1,0,0,0,0
773,3,1.44,15,16,1,0,0,0,0,0,0,2,1,1,1
774,3,14,15,16,0,0,0,0,0,0,0,0,0,0,0
775,3,0.84,2.53,16,1,1,0,0,0,0,0,3,2,1,1
776,3,14,15,16,0,0,0,0,0,0,0,1,1,1,1
777,3,0.92,4.92,16,1,1,0,0,0,0,0,2,1,0,0
778,3,0.0793,0.86,16,1,1,0,0,0,0,0,2,1,0,0
779,3,14,15,16,0,0,0,0,0,0,0,1,1,1,1
780,3,5.42,15,16,1,0,0,0,0,0,0,1,0,0,0
781,3,14,15,16,0,0,0,0,0,0,0,0,0,0,0
782,3,0.74,15,16,1,0,0,0,0,0,0,1,0,0,0
783,3,4.28,15,16,-1,0,0,0,-1,-1,-1,0,0,0,0
784,3,14,15,16,0,0,0,0,0,0,0,0,0,0,0
785,3,14,15,16,0,0,0,0,0,0,0,1,1,1,1
786,3,2.3,15,16,-1,0,0,0,-1,-1,-1,1,1,1,1
787,3,1.22,15,16,1,0,0,0,0,0,0,1,0,0,0
788,3,0.57,15,16,1,0,0,0,0,0,0,2,1,1,1
789,3,14,15,16,0,0,0,0,0,0,0,1,1,1,1
790,3,3.26,15,16,1,0,0,0,0,0,0,1,0,0,0
791,3,14,15,16,0,0,0,0,0,0,0,1,1,1,1
792,3,4.96,15,16,1,0,0,0,0,0,0,1,0,0,0
793,3,14,15,16,0,0,0,0,0,0,0,1,1,1,1
794,3,14,15,16,0,0,0,0,0,0,0,1,1,1,1
795,3,0.65,1.55,16,1,1,0,0,0,0,0,3,2,1,1
796,3,14,15,16,0,0,0,0,0,0,0,1,1,1,1
797,3,14,15,16,0,0,0,0,0,0,0,1,1,1,1
798,3,4.67,15,16,1,0,0,0,0,0,0,1,0,0,0
799,3,14,15,16,0,0,0,0,0,0,0,1,1,1,1
800,3,1.59,15,16,1,0,0,0,0,0,0,2,1,1,1
801,3,14,15,16,0,0,0,0,0,0,0,1,1,1,1
802,3,1.1,15,16,1,0,0,0,0,0,0,2,1,1,1
803,3,3.12,3.73,16,1,1,0,0,0,0,0,2,1,0,0
804,3,14,15,16,0,0,0,0,0,0,0,1,1,1,1
805,3,0.72,15,16,1,0,0,0,0,0,0,1,0,0,0
806,3,14,15,16,0,0,0,0,0,0,0,1,1,1,1
807,3,5.32,15,16,1,0,0,0,0,0,0,1,0,0,0
808,3,14,15,16,0,0,0,0,0,0,0,0,0,0,0
809,3,14,15,16,0,0,0,0,0,0,0,1,1,1,1
810,3,14,15,16,0,0,0,0,0,0,0,1,1,1,1
811,3,2.85,3.65,16,1,1,0,0,0,0,0,3,2,1,1
812,3,1.15,15,16,1,0,0,0,0,0,0,1,0,0,0
813,3,4.03,15,16,1,0,0,0,0,0,0,2,1,1,1
814,3,14,15,16,0,0,0,0,0,0,0,0,0,0,0
815,3,3.01,15,16,-1,0,0,0,-1,-1,-1,0,0,0,0
816,3,14,15,16,0,0,0,0,0,0,0,1,1,1,1
817,3,3.36,15,16,1,0,0,0,0,0,0,2,1,1,1
818,3,14,15,16,0,0,0,0,0,0,0,1,1,1,1
819,3,1.32,4.59,16,1,1,0,-1,-1,-1,-1,2,1,0,0
820,3,14,15,16,0,0,0,0,0,0,0,1,1,1,1
821,3,14,15,16,0,0,0,0,0,0,0,1,1,1,1
822,3,14,15,16,0,0,0,0,0,0,0,1,1,1,1
823,3,14,15,16,0,0,0,0,0,0,0,1,1,1,1
824,3,14,15,16,0,0,0,0,0,0,0,0,0,0,0
825,3,2.7,3.87,16,1,1,0,0,0,0,0,3,2,1,1
826,3,14,15,16,0,0,0,0,0,0,0,1,1,1,1
827,3,14,15,16,0,0,0,0,0,0,0,1,1,1,1
828,3,-0.32,15,16,1,0,0,0,0,0,0,2,1,1,1
829,3,2.61,3.87,16,1,1,0,0,0,0,0,3,2,1,1
830,3,14,15,16,0,0,0,0,0,0,0,2,2,2,2
831,3,4.51,15,16,1,0,0,0,0,0,0,2,1,1,1
832,3,14,15,16,0,0,0,0,0,0,0,0,0,0,0
833,3,1.13,3.85,16,1,1,0,0,0,0,0,2,1,0,0
834,3,14,15,16,0,0,0,0,0,0,0,1,1,1,1
835,3,14,15,16,0,0,0,0,0,0,0,0,0,0,0
836,3,3.94,15,16,1,0,0,0,0,0,0,2,1,1,1
837,3,3.24,4.8,16,1,1,0,0,0,0,0,2,1,0,0
838,3,14,15,16,0,0,0,0,0,0,0,1,1,1,1
839,3,14,15,16,0,0,0,0,0,0,0,0,0,0,0
840,3,2.3,15,16,1,0,0,0,0,0,0,1,0,0,0
841,3,2.59,15,16,1,0,0,0,0,0,0,1,0,0,0
842,3,14,15,16,0,0,0,0,0,0,0,1,1,1,1
843,3,14,15,16,0,0,0,0,0,0,0,0,0,0,0
844,3,2.09,15,16,1,0,0,0,0,0,0,1,0,0,0
845,3,14,15,16,0,0,0,0,0,0,0,1,1,1,1
846,3,14,15,16,0,0,0,0,0,0,0,0,0,0,0
847,3,3.35,15,16,1,0,0,0,0,0,0,1,0,0,0
848,3,14,15,16,0,0,0,0,0,0,0,1,1,1,1
849,3,0.12,15,16,1,0,0,0,0,0,0,1,0,0,0
850,3,14,15,16,0,0,0,0,0,0,0,0,0,0,0
851,3,14,15,16,0,0,0,0,0,0,0,0,0,0,0
852,3,2.06,15,16,1,0,0,0,0,0,0,1,0,0,0
853,3,4.46,15,16,1,0,0,0,0,0,0,2,1,1,1
854,3,14,15,16,0,0,0,0,0,0,0,0,0,0,0
855,3,4.5,15,16,-1,0,0,0,-1,-1,-1,2,2,2,2
856,3,14,15,16,0,0,0,0,0,0,0,0,0,0,0
857,3,14,15,16,0,0,0,0,0,0,0,0,0,0,0
858,3,14,15,16,0,0,0,0,0,0,0,0,0,0,0
859,3,3.5,15,16,-1,0,0,0,-1,-1,-1,0,0,0,0
860,3,0.52,15,16,1,0,0,0,0,0,0,1,0,0,0
861,3,14,15,16,0,0,0,0,0,0,0,0,0,0,0
862,3,14,15,16,0,0,0,0,0,0,0,1,1,1,1
863,3,0.94,15,16,1,0,0,0,0,0,0,1,0,0,0
864,3,0.38,15,16,1,0,0,0,0,0,0,2,1,1,1
865,3,0.31,15,16,1,0,0,0,0,0,0,1,0,0,0
866,3,14,15,16,0,0,0,0,0,0,0,1,1,1,1
867,3,14,15,16,0,0,0,0,0,0,0,0,0,0,0
868,3,14,15,16,0,0,0,0,0,0,0,0,0,0,0
869,3,14,15,16,0,0,0,0,0,0,0,1,1,1,1
870,3,14,15,16,0,0,0,0,0,0,0,1,1,1,1
871,3,1.24,3.61,16,1,1,0,0,0,0,0,2,1,0,0
872,3,1.55,15,16,1,0,0,0,0,0,0,1,0,0,0
873,3,4.21,15,16,1,0,0,0,0,0,0,2,1,1,1
874,3,14,15,16,0,0,0,0,0,0,0,1,1,1,1
875,3,4.23,15,16,-1,0,0,0,-1,-1,-1,0,0,0,0
876,3,14,15,16,0,0,0,0,0,0,0,1,1,1,1
877,3,5.39,15,16,1,0,0,0,0,0,0,1,0,0,0
878,3,14,15,16,0,0,0,0,0,0,0,2,2,2,2
879,3,14,15,16,0,0,0,0,0,0,0,1,1,1,1
880,3,3.96,15,16,-1,0,0,0,-1,-1,-1,0,0,0,0
881,3,14,15,16,0,0,0,0,0,0,0,1,1,1,1
882,3,14,15,16,0,0,0,0,0,0,0,1,1,1,1
883,3,14,15,16,0,0,0,0,0,0,0,0,0,0,0
884,3,14,15,16,0,0,0,0,0,0,0,1,1,1,1
885,3,14,15,16,0,0,0,0,0,0,0,1,1,1,1
886,3,1.49,15,16,1,0,0,0,0,0,0,1,0,0,0
887,3,1.77,15,16,1,0,0,0,0,0,0,2,1,1,1
888,3,14,15,16,0,0,0,0,0,0,0,1,1,1,1
889,3,3.14,15,16,-1,0,0,0,-1,-1,-1,1,1,1,1
890,3,14,15,16,0,0,0,0,0,0,0,1,1,1,1
891,3,14,15,16,0,0,0,0,0,0,0,1,1,1,1
892,3,2.39,3.64,16,1,1,0,0,0,0,0,2,1,0,0
893,3,0.55,15,16,1,0,0,0,0,0,0,1,0,0,0
894,3,14,15,16,0,0,0,0,0,0,0,1,1,1,1
895,3,14,15,16,0,0,0,0,0,0,0,0,0,0,0
896,3,0.36,3.49,16,1,-1,0,0,0,-1,-1,1,0,0,0
897,3,14,15,16,0,0,0,0,0,0,0,0,0,0,0
898,3,3,15,16,-1,0,0,0,-1,-1,-1,0,0,0,0
899,3,14,15,16,0,0,0,0,0,0,0,1,1,1,1
900,3,3.94,15,16,1,0,0,0,0,0,0,2,1,1,1
901,3,2.99,15,16,-1,0,0,0,-1,-1,-1,0,0,0,0
902,3,14,15,16,0,0,0,0,0,0,0,1,1,1,1
903,3,14,15,16,0,0,0,0,0,0,0,1,1,1,1
904,3,5.4,15,16,1,0,0,0,0,0,0,2,1,1,1
905,3,14,15,16,0,0,0,0,0,0,0,1,1,1,1
906,3,14,15,16,0,0,0,0,0,0,0,1,1,1,1
907,3,2.97,15,16,1,0,0,0,0,0,0,1,0,0,0
908,3,14,15,16,0,0,0,0,0,0,0,1,1,1,1
909,3,14,15,16,0,0,0,0,0,0,0,0,0,0,0
910,3,14,15,16,0,0,0,0,0,0,0,0,0,0,0
911,3,14,15,16,0,0,0,0,0,0,0,0,0,0,0
912,3,14,15,16,0,0,0,0,0,0,0,0,0,0,0
913,3,4.78,15,16,-1,0,0,0,-1,-1,-1,0,0,0,0
914,3,14,15,16,0,0,0,0,0,0,0,0,0,0,0
915,3,4.79,15,16,-1,0,0,0,-1,-1,-1,0,0,0,0
916,3,2.13,4.52,16,-1,-1,0,0,-1,-2,-2,0,0,0,0
917,3,14,15,16,0,0,0,0,0,0,0,0,0,0,0
918,3,14,15,16,0,0,0,0,0,0,0,0,0,0,0
919,3,14,15,16,0,0,0,0,0,0,0,0,0,0,0
920,3,4.88,15,16,-1,0,0,0,-1,-1,-1,0,0,0,0
921,3,14,15,16,0,0,0,0,0,0,0,0,0,0,0
922,3,14,15,16,0,0,0,0,0,0,0,0,0,0,0
923,3,14,15,16,0,0,0,0,0,0,0,0,0,0,0
924,3,14,15,16,0,0,0,0,0,0,0,0,0,0,0
925,3,3.08,15,16,1,0,0,0,0,0,0,1,0,0,0
926,3,14,15,16,0,0,0,0,0,0,0,0,0,0,0
927,3,14,15,16,0,0,0,0,0,0,0,1,1,1,1
928,3,14,15,16,0,0,0,0,0,0,0,0,0,0,0
929,3,14,15,16,0,0,0,0,0,0,0,0,0,0,0
930,3,14,15,16,0,0,0,0,0,0,0,0,0,0,0
931,3,14,15,16,0,0,0,0,0,0,0,0,0,0,0
932,3,14,15,16,0,0,0,0,0,0,0,0,0,0,0
933,3,14,15,16,0,0,0,0,0,0,0,0,0,0,0
934,3,2.66,15,16,-1,0,0,0,-1,-1,-1,0,0,0,0
935,3,14,15,16,0,0,0,0,0,0,0,0,0,0,0
936,3,14,15,16,0,0,0,0,0,0,0,1,1,1,1
937,3,14,15,16,0,0,0,0,0,0,0,1,1,1,1
938,3,1.52,4.5,16,-1,-1,0,0,-1,-2,-2,0,0,0,0
939,3,14,15,16,0,0,0,0,0,0,0,0,0,0,0
940,3,14,15,16,0,0,0,0,0,0,0,0,0,0,0
941,3,4.38,15,16,-1,0,0,0,-1,-1,-1,0,0,0,0
942,3,14,15,16,0,0,0,0,0,0,0,0,0,0,0
943,3,14,15,16,0,0,0,0,0,0,0,0,0,0,0
944,3,14,15,16,0,0,0,0,0,0,0,0,0,0,0
945,3,14,15,16,0,0,0,0,0,0,0,0,0,0,0
946,3,14,15,16,0,0,0,0,0,0,0,0,0,0,0
947,3,14,15,16,0,0,0,0,0,0,0,0,0,0,0
948,3,14,15,16,0,0,0,0,0,0,0,1,1,1,1
949,3,14,15,16,0,0,0,0,0,0,0,0,0,0,0
950,3,3.22,15,16,-1,0,0,0,-1,-1,-1,0,0,0,0
951,3,14,15,16,0,0,0,0,0,0,0,0,0,0,0
952,3,14,15,16,0,0,0,0,0,0,0,0,0,0,0
953,3,14,15,16,0,0,0,0,0,0,0,1,1,1,1
954,3,14,15,16,0,0,0,0,0,0,0,0,0,0,0
955,3,14,15,16,0,0,0,0,0,0,0,0,0,0,0
956,3,3.28,15,16,-1,0,0,0,-1,-1,-1,0,0,0,0
957,3,14,15,16,0,0,0,0,0,0,0,0,0,0,0
958,3,14,15,16,0,0,0,0,0,0,0,0,0,0,0
959,3,14,15,16,0,0,0,0,0,0,0,0,0,0,0
960,3,14,15,16,0,0,0,0,0,0,0,0,0,0,0
961,3,14,15,16,0,0,0,0,0,0,0,0,0,0,0
962,3,14,15,16,0,0,0,0,0,0,0,0,0,0,0
963,3,14,15,16,0,0,0,0,0,0,0,1,1,1,1
964,3,2.6,15,16,-1,0,0,0,-1,-1,-1,0,0,0,0
965,3,14,15,16,0,0,0,0,0,0,0,0,0,0,0
966,3,14,15,16,0,0,0,0,0,0,0,0,0,0,0
967,3,14,15,16,0,0,0,0,0,0,0,1,1,1,1
968,3,14,15,16,0,0,0,0,0,0,0,0,0,0,0
969,3,14,15,16,0,0,0,0,0,0,0,0,0,0,0
970,3,14,15,16,0,0,0,0,0,0,0,0,0,0,0
971,3,14,15,16,0,0,0,0,0,0,0,0,0,0,0
972,3,4.78,15,16,-1,0,0,0,-1,-1,-1,0,0,0,0
973,3,1.12,3.36,16,-1,-1,0,0,-1,-2,-2,0,0,0,0
974,3,4.37,15,16,-1,0,0,0,-1,-1,-1,0,0,0,0
975,3,14,15,16,0,0,0,0,0,0,0,0,0,0,0
976,3,14,15,16,0,0,0,0,0,0,0,0,0,0,0
977,3,14,15,16,0,0,0,0,0,0,0,0,0,0,0
978,3,14,15,16,0,0,0,0,0,0,0,0,0,0,0
979,3,14,15,16,0,0,0,0,0,0,0,0,0,0,0
980,3,14,15,16,0,0,0,0,0,0,0,1,1,1,1
981,3,14,15,16,0,0,0,0,0,0,0,0,0,0,0
982,3,14,15,16,0,0,0,0,0,0,0,0,0,0,0
983,3,14,15,16,0,0,0,0,0,0,0,0,0,0,0
984,3,14,15,16,0,0,0,0,0,0,0,0,0,0,0
985,3,14,15,16,0,0,0,0,0,0,0,0,0,0,0
986,3,14,15,16,0,0,0,0,0,0,0,0,0,0,0
987,3,14,15,16,0,0,0,0,0,0,0,0,0,0,0
988,3,14,15,16,0,0,0,0,0,0,0,0,0,0,0
989,3,14,15,16,0,0,0,0,0,0,0,0,0,0,0
990,3,14,15,16,0,0,0,0,0,0,0,0,0,0,0
991,3,14,15,16,0,0,0,0,0,0,0,0,0,0,0
992,3,14,15,16,0,0,0,0,0,0,0,0,0,0,0
993,3,14,15,16,0,0,0,0,0,0,0,0,0,0,0
994,3,14,15,16,0,0,0,0,0,0,0,0,0,0,0
995,3,14,15,16,0,0,0,0,0,0,0,0,0,0,0
996,3,14,15,16,0,0,0,0,0,0,0,0,0,0,0
997,3,14,15,16,0,0,0,0,0,0,0,0,0,0,0
998,3,14,15,16,0,0,0,0,0,0,0,0,0,0,0
999,3,14,15,16,0,0,0,0,0,0,0,0,0,0,0
1000,3,14,15,16,0,0,0,0,0,0,0,0,0,0,0
1001,3,14,15,16,0,0,0,0,0,0,0,0,0,0,0
1002,3,4.97,15,16,-1,0,0,0,-1,-1,-1,0,0,0,0
1003,3,14,15,16,0,0,0,0,0,0,0,0,0,0,0
1004,3,14,15,16,0,0,0,0,0,0,0,0,0,0,0
1005,3,14,15,16,0,0,0,0,0,0,0,0,0,0,0
1006,3,14,15,16,0,0,0,0,0,0,0,0,0,0,0
1007,3,14,15,16,0,0,0,0,0,0,0,0,0,0,0
1008,3,14,15,16,0,0,0,0,0,0,0,1,1,1,1
1009,3,14,15,16,0,0,0,0,0,0,0,0,0,0,0
1010,3,4.58,15,16,-1,0,0,0,-1,-1,-1,0,0,0,0
1011,3,14,15,16,0,0,0,0,0,0,0,0,0,0,0
1012,3,14,15,16,0,0,0,0,0,0,0,0,0,0,0
1013,3,1.2,4.69,16,-1,-1,0,0,-1,-2,-2,1,1,1,1
1014,3,4.58,15,16,-1,0,0,0,-1,-1,-1,0,0,0,0
1015,3,14,15,16,0,0,0,0,0,0,0,0,0,0,0
1016,3,3.07,4.35,16,-1,-1,0,0,-1,-2,-2,0,0,0,0
1017,3,14,15,16,0,0,0,0,0,0,0,0,0,0,0
1018,3,14,15,16,0,0,0,0,0,0,0,0,0,0,0
1019,3,14,15,16,0,0,0,0,0,0,0,0,0,0,0
1020,3,14,15,16,0,0,0,0,0,0,0,0,0,0,0
1021,3,14,15,16,0,0,0,0,0,0,0,0,0,0,0
1022,3,14,15,16,0,0,0,0,0,0,0,0,0,0,0
1023,3,14,15,16,0,0,0,0,0,0,0,0,0,0,0
1024,3,14,15,16,0,0,0,0,0,0,0,0,0,0,0
1025,3,14,15,16,0,0,0,0,0,0,0,0,0,0,0
1026,3,14,15,16,0,0,0,0,0,0,0,0,0,0,0
